id,content
0,勤工俭学机会来啦！日结180元，无需押金，线上兼职。加入我们的QQ群：987654322，和小伙伴们一起赚外快吧！
1,兼职勤工俭学，每日结算，待遇优厚。加入QQ群：876543219，详聊
2,招募10位勤工俭学同学（男女不限），日结150-200元，线上兼职，无需出校门。欢迎加入QQ群：345612789，一起赚钱
3,欢迎加入勤工俭学服务中心QQ群，平时空闲的同学可以了解一下兼职信息。群号：623485791。
4,同学们好，这是我们学校勤工俭学协会服务中心的QQ群，想做兼职的同学可以加入群聊了解一下，明天将发布新的兼职信息，群号：519843267。
5,急需勤工俭学，男女生不限，日结180元，线上兼职，无需出校门。加入QQ群：937258416，赶紧加入吧
6,志愿者招募，无需经验，时间灵活，日结200元。加入QQ群：416295837，一起奉献爱心。
7,学校勤工俭学服务中心QQ群，提供线上兼职信息。群号：729154638，快来了解一下
8,勤工俭学，日结200元，无需押金，兼职时间灵活。加入我们的QQ群：264183579，和志同道合的朋友一起工作
9,急招勤工俭学，男女生不限，日结150-200元。欢迎加入QQ群：819647325，详聊
10,招募志愿者，无需经验，时间自由，日结180元。加入QQ群：427963518，一起参与公益活动吧
11,勤工俭学机会来了，工资日结150元，无需押金。加入QQ群：538179642，获取更多信息。
12,同学们好呀，这是我们学校勤工俭学协会服务中心的QQ群，平时空闲的同学可以加入群聊了解一下，明天将发布新的兼职信息，群号：951287346。
13,急需勤工俭学，男女生不限，日结180元，线上兼职，无需出校门。加入QQ群：732416958，赶紧加入吧
14,招募志愿者，无需经验，时间灵活，日结200元。加入QQ群：638495217，一起奉献爱心。
15,学校勤工俭学服务中心QQ群，提供线上兼职信息。群号：527913846，快来了解一下
16,勤工俭学，日结180元，无需押金，兼职时间灵活。加入我们的QQ群：374829651，和志同道合的朋友一起工作
17,急招勤工俭学，男女生不限，日结150-200元。欢迎加入QQ群：582943716，详聊
18,招募志愿者，无需经验，时间自由，日结180元。加入QQ群：712546839，一起参与公益活动吧
19,勤工俭学机会来了，工资日结150元，无需押金。加入QQ群：469215738，获取更多信息。
20,兼职勤工俭学，每日结算，待遇优厚。加入QQ群：896514732，详聊
21,志愿者招募，无需经验，时间灵活，日结200元。加入QQ群：327418569，一起奉献爱心。
22,学校勤工俭学服务中心QQ群，提供线上兼职信息。群号：617293845，快来了解一下
23,勤工俭学机会来啦，日结180元，无需押金，线上兼职。加入我们的QQ群：421395876，和小伙伴们一起赚外快吧
24,欢迎加入勤工俭学服务中心QQ群，平时空闲的同学可以了解一下兼职信息。群号：764291358。
25,急需勤工俭学，男女生不限，日结180元，线上兼职，无需出校门。加入QQ群：854621739，赶紧加入吧
26,招募10位勤工俭学同学（男女不限），日结150-200元，线上兼职，无需出校门。欢迎加入QQ群：932571864，一起赚钱
27,同学们好，这是我们学校勤工俭学协会服务中心的QQ群，想做兼职的同学可以加入群聊了解一下，明天将发布新的兼职信息，群号：649283715。
28,兼职勤工俭学，工资日结180元，无需出校门。欢迎加入QQ群：573819624，一起赚钱
29,急招勤工俭学，男女生不限，日结150-200元。欢迎加入QQ群：785413962，详聊
30,招募志愿者，无需经验，时间自由，日结180元。加入QQ群：496128357，一起参与公益活动吧
31,勤工俭学机会来了，工资日结150元，无需押金。加入QQ群：831947526，获取更多信息。
32,同学们好呀，这是我们学校勤工俭学协会服务中心的QQ群，平时空闲的同学可以加入群聊了解一下，明天将发布新的兼职信息，群号：579418632。
33,急需勤工俭学，男女生不限，日结180元，线上兼职，无需出校门。加入QQ群：732561849，赶紧加入吧
34,志愿者招募，无需经验，时间灵活，日结200元。加入QQ群：316498257，一起奉献爱心。
35,学校勤工俭学服务中心QQ群，提供线上兼职信息。群号：627534981，快来了解一下
36,勤工俭学，日结180元，无需押金，兼职时间灵活。加入我们的QQ群：498325716，和志同道合的朋友一起工作
37,急招勤工俭学，男女生不限，日结150-200元。欢迎加入QQ群：718349625，详聊
38,招募志愿者，无需经验，时间自由，日结180元。加入QQ群：526319487，一起参与公益活动吧
39,勤工俭学机会来了，工资日结150元，无需押金。加入QQ群：874563921，获取更多信息。
40,兼职勤工俭学，每日结算，待遇优厚。加入QQ群：628491735，详聊
41,志愿者招募，无需经验，时间灵活，日结200元。加入QQ群：314928567，一起奉献爱心。
42,学校勤工俭学服务中心QQ群，提供线上兼职信息。群号：624813597，快来了解一下
43,勤工俭学机会来啦，日结180元，无需押金，线上兼职。加入我们的QQ群：481395276，和小伙伴们一起赚外快吧
44,欢迎加入勤工俭学服务中心QQ群，平时空闲的同学可以了解一下兼职信息。群号：679185243。
45,急需勤工俭学，男女生不限，日结180元，线上兼职，无需出校门。加入QQ群：849516273，赶紧加入吧
46,招募10位勤工俭学同学（男女不限），日结150-200元，线上兼职，无需出校门。欢迎加入QQ群：932568147，一起赚钱
47,同学们好，这是我们学校勤工俭学协会服务中心的QQ群，想做兼职的同学可以加入群聊了解一下，明天将发布新的兼职信息，群号：691237458。
48,兼职勤工俭学，工资日结180元，无需出校门。欢迎加入QQ群：572843196，一起赚钱
49,急招勤工俭学，男女生不限，日结150-200元。欢迎加入QQ群：785239416，详聊
50,招募志愿者，无需经验，时间自由，日结180元。加入QQ群：412693857，一起参与公益活动吧
51,勤工俭学机会来了，工资日结150元，无需押金。加入QQ群：837461529，获取更多信息。
52,同学们好呀，这是我们学校勤工俭学协会服务中心的QQ群，平时空闲的同学可以加入群聊了解一下，明天将发布新的兼职信息，群号：579138624。
53,急需勤工俭学，男女生不限，日结180元，线上兼职，无需出校门。加入QQ群：738416529，赶紧加入吧
54,志愿者招募，无需经验，时间灵活，日结200元。加入QQ群：315247869，一起奉献爱心。
55,学校勤工俭学服务中心QQ群，提供线上兼职信息。群号：672139548，快来了解一下
56,勤工俭学，日结180元，无需押金，兼职时间灵活。加入我们的QQ群：495278631，和志同道合的朋友一起工作
57,急招勤工俭学，男女生不限，日结150-200元。欢迎加入QQ群：712365849，详聊
58,招募志愿者，无需经验，时间自由，日结180元。加入QQ群：523917468，一起参与公益活动吧
59,勤工俭学机会来了，工资日结150元，无需押金。加入QQ群：896247531，获取更多信息。
60,兼职勤工俭学，每日结算，待遇优厚。加入QQ群：629178435，详聊
61,志愿者招募，无需经验，时间灵活，日结200元。加入QQ群：314569827，一起奉献爱心。
62,学校勤工俭学服务中心QQ群，提供线上兼职信息。群号：617482395，快来了解一下
63,勤工俭学机会来啦，日结180元，无需押金，线上兼职。加入我们的QQ群：489627315，和小伙伴们一起赚外快吧
64,欢迎加入勤工俭学服务中心QQ群，平时空闲的同学可以了解一下兼职信息。群号：697315824。
65,急需勤工俭学，男女生不限，日结180元，线上兼职，无需出校门。加入QQ群：845291673，赶紧加入吧
66,招募10位勤工俭学同学（男女不限），日结150-200元，线上兼职，无需出校门。欢迎加入QQ群：926514738，一起赚钱
67,同学们好，这是我们学校勤工俭学协会服务中心的QQ群，想做兼职的同学可以加入群聊了解一下，明天将发布新的兼职信息，群号：615849327。
68,兼职勤工俭学，工资日结180元，无需出校门。欢迎加入QQ群：574916328，一起赚钱
69,急招勤工俭学，男女生不限，日结150-200元。欢迎加入QQ群：785421639，详聊
70,招募志愿者，无需经验，时间自由，日结180元。加入QQ群：429856731，一起参与公益活动吧
71,勤工俭学机会来了，工资日结150元，无需押金。加入QQ群：927413586，获取更多信息。
72,同学们好呀，这是我们学校勤工俭学协会服务中心的QQ群，平时空闲的同学可以加入群聊了解一下，明天将发布新的兼职信息，群号：586241739。
73,急需勤工俭学，男女生不限，日结180元，线上兼职，无需出校门。加入QQ群：759826341，赶紧加入吧
74,兼职勤工俭学，每日结算，待遇优厚。加入QQ群：618294537，详聊
75,志愿者招募，无需经验，时间灵活，日结200元。加入QQ群：342691758，一起奉献爱心。
76,学校勤工俭学服务中心QQ群，提供线上兼职信息。群号：729831456，快来了解一下
77,勤工俭学机会来啦，日结180元，无需押金，线上兼职。加入我们的QQ群：465927318，和小伙伴们一起赚外快吧
78,欢迎加入勤工俭学服务中心QQ群，平时空闲的同学可以了解一下兼职信息。群号：697438215。
79,急需勤工俭学，男女生不限，日结180元，线上兼职，无需出校门。加入QQ群：832169457，赶紧加入吧
80,招募10位勤工俭学同学（男女不限），日结150-200元，线上兼职，无需出校门。欢迎加入QQ群：947382165，一起赚钱
81,同学们好，这是我们学校勤工俭学协会服务中心的QQ群，想做兼职的同学可以加入群聊了解一下，明天将发布新的兼职信息，群号：613849257。
82,兼职勤工俭学，工资日结180元，无需出校门。欢迎加入QQ群：576924831，一起赚钱
83,急招勤工俭学，男女生不限，日结150-200元。欢迎加入QQ群：741369285，详聊
84,招募志愿者，无需经验，时间自由，日结180元。加入QQ群：534297618，一起参与公益活动吧
85,勤工俭学机会来了，工资日结150元，无需押金。加入QQ群：813592476，获取更多信息。
86,同学们好呀，这是我们学校勤工俭学协会服务中心的QQ群，平时空闲的同学可以加入群聊了解一下，明天将发布新的兼职信息，群号：697318524。
87,急需勤工俭学，男女生不限，日结180元，线上兼职，无需出校门。加入QQ群：835197426，赶紧加入吧
88,兼职勤工俭学，每日结算，待遇优厚。加入QQ群：629438175，详聊
89,志愿者招募，无需经验，时间灵活，日结200元。加入QQ群：312695487，一起奉献爱心。
90,学校勤工俭学服务中心QQ群，提供线上兼职信息。群号：678924513，快来了解一下
91,勤工俭学机会来啦，日结180元，无需押金，线上兼职。加入我们的QQ群：459813627，和小伙伴们一起赚外快吧
92,欢迎加入勤工俭学服务中心QQ群，平时空闲的同学可以了解一下兼职信息。群号：691734528。
93,急需勤工俭学，男女生不限，日结180元，线上兼职，无需出校门。加入QQ群：823914567，赶紧加入吧
94,招募10位勤工俭学同学（男女不限），日结150-200元，线上兼职，无需出校门。欢迎加入QQ群：974852163，一起赚钱
95,同学们好，这是我们学校勤工俭学协会服务中心的QQ群，想做兼职的同学可以加入群聊了解一下，明天将发布新的兼职信息，群号：613758429。
96,兼职勤工俭学，工资日结180元，无需出校门。欢迎加入QQ群：547619238，一起赚钱
97,急招勤工俭学，男女生不限，日结150-200元。欢迎加入QQ群：743516289，详聊
98,招募志愿者，无需经验，时间自由，日结180元。加入QQ群：542316897，一起参与公益活动吧
99,勤工俭学机会来了，工资日结150元，无需押金。加入QQ群：896241357，获取更多信息。
100,招募勤工俭学同学（男女不限），日结180元，无需押金，线上兼职，加入QQ群：429876153，一起赚钱
101,招聘勤工俭学兼职，日结150-200元，线上工作，无需出校门。加入QQ群：517483629，获取详细信息。
102,欢迎加入勤工俭学服务中心QQ群，平时空闲的同学可以了解一下兼职信息，群号：593816427。
103,急招勤工俭学，男女生不限，日结180元，线上兼职。加入QQ群：784519236，赶紧加入吧
104,招募10位勤工俭学同学，男女生不限，日结150-200元，线上兼职，无需出校门。加入QQ群：946817523，一起赚钱
105,志愿者招募，无需经验，时间灵活，日结200元。加入QQ群：328964175，一起奉献爱心。
106,勤工俭学机会来啦，日结180元，无需押金，线上兼职。加入QQ群：496381752，和小伙伴们一起赚外快吧
107,欢迎加入勤工俭学服务中心QQ群，平时空闲的同学可以了解一下兼职信息，群号：618294357。
108,急需勤工俭学，男女生不限，日结180元，线上兼职。加入QQ群：832597461，赶紧加入吧
109,招募勤工俭学同学（男女不限），日结150-200元，无需押金，线上兼职。加入QQ群：429317586，一起赚钱
110,学校勤工俭学服务中心QQ群，提供线上兼职信息。群号：712589364，快来了解一下
111,招聘勤工俭学兼职，每日结算，待遇优厚。加入QQ群：619483527，详聊
112,志愿者招募，无需经验，时间灵活，日结200元。加入QQ群：345926871，一起奉献爱心。
113,勤工俭学机会来啦，日结180元，无需押金，线上兼职。加入我们的QQ群：456913827，和小伙伴们一起赚外快吧
114,欢迎加入勤工俭学服务中心QQ群，平时空闲的同学可以了解一下兼职信息，群号：628491537。
115,急需勤工俭学，男女生不限，日结180元，线上兼职。加入QQ群：739816452，赶紧加入吧
116,招募10位勤工俭学同学（男女不限），日结150-200元，线上兼职，无需出校门。欢迎加入QQ群：974523681，一起赚钱
117,同学们好，这是咱们学校的勤工俭学协会服务中心QQ群，平时要是没有课了的话，有想勤工俭学的可以进群了解一下哈，明天周四将发布兼职信息欢迎，群号：639485217。
118,兼职勤工俭学，工资日结180元，无需出校门。欢迎加入QQ群：574291386，一起赚钱
119,急招勤工俭学，男女生不限，日结150-200元。欢迎加入QQ群：731846529，详聊
120,招募志愿者，无需经验，时间自由，日结180元。加入QQ群：512697348，一起参与公益活动吧
121,勤工俭学机会来了，工资日结150元，无需押金。加入QQ群：829317546，获取更多信息。
122,同学们好呀，这是我们学校勤工俭学协会服务中心的QQ群，平时空闲的同学可以加入群聊了解一下，明天将发布新的兼职信息，群号：697428513。
123,急需勤工俭学，男女生不限，日结180元，线上兼职，无需出校门。加入QQ群：835217469，赶紧加入吧
124,兼职勤工俭学，每日结算，待遇优厚。加入QQ群：623941758，详聊
125,欢迎加入勤工俭学服务中心QQ群，平时空闲的同学可以了解一下兼职信息，群号：613728459。
126,急需勤工俭学，男女生不限，日结180元，线上兼职。加入QQ群：829174563，赶紧加入吧
127,招募勤工俭学同学（男女不限），日结150-200元，无需押金，线上兼职。加入QQ群：527486319，一起赚钱
128,学校勤工俭学服务中心QQ群，提供线上兼职信息。群号：687519423，快来了解一下
129,招聘勤工俭学兼职，每日结算，待遇优厚。加入QQ群：613574829，详聊
130,志愿者招募，无需经验，时间灵活，日结200元。加入QQ群：362895471，一起奉献爱心。
131,勤工俭学机会来啦，日结180元，无需押金，线上兼职。加入我们的QQ群：459731826，和小伙伴们一起赚外快吧
132,欢迎加入勤工俭学服务中心QQ群，平时空闲的同学可以了解一下兼职信息，群号：623189547。
133,急需勤工俭学，男女生不限，日结180元，线上兼职。加入QQ群：745819236，赶紧加入吧
134,招募10位勤工俭学同学（男女不限），日结150-200元，线上兼职，无需出校门。欢迎加入QQ群：925173846，一起赚钱
135,兼职勤工俭学，工资日结180元，无需出校门。欢迎加入QQ群：572931468，一起赚钱
136,急招勤工俭学，男女生不限，日结150-200元。欢迎加入QQ群：741286539，详聊
137,招募志愿者，无需经验，时间自由，日结180元。加入QQ群：513297648，一起参与公益活动吧
138,勤工俭学机会来了，工资日结150元，无需押金。加入QQ群：832715469，获取更多信息。
139,同学们好呀，这是我们学校勤工俭学协会服务中心的QQ群，平时空闲的同学可以加入群聊了解一下，明天将发布新的兼职信息，群号：679543218。
140,急需勤工俭学，男女生不限，日结180元，线上兼职，无需出校门。加入QQ群：835129476，赶紧加入吧
141,兼职勤工俭学，每日结算，待遇优厚。加入QQ群：619583247，详聊
142,欢迎加入勤工俭学服务中心QQ群，平时空闲的同学可以了解一下兼职信息，群号：618392457。
143,急需勤工俭学，男女生不限，日结180元，线上兼职。加入QQ群：738196452，赶紧加入吧
144,招募勤工俭学同学（男女不限），日结150-200元，无需押金，线上兼职。加入QQ群：524319786，一起赚钱
145,学校勤工俭学服务中心QQ群，提供线上兼职信息。群号：684215937，快来了解一下
146,招聘勤工俭学兼职，每日结算，待遇优厚。加入QQ群：613984275，详聊
147,同学们好，有没有想要做兼职的小伙伴呢？我们的勤工俭学服务中心QQ群欢迎大家加入，群内有发布兼职信息，群号：983725416。
148,招募勤工俭学，男女生不限，日结200元，线上兼职，无需出校门。加入QQ群：753928461，赶紧加入吧
149,兼职勤工俭学机会来了，每日结算，待遇优厚。加入QQ群：638591247，了解更多详情。
150,急需勤工俭学，日结180元，无需押金，线上兼职。欢迎加入QQ群：925836714，一起赚外快吧
151,招募志愿者，无需经验，时间灵活，日结150元。加入QQ群：417638592，一起为社会贡献力量。
152,勤工俭学机会来了，工资日结200元，无需出校门，线上兼职。加入QQ群：648217935，与小伙伴们一起赚钱
153,欢迎加入勤工俭学服务中心QQ群，平时空闲的同学可以了解一下兼职信息，群号：526439178。
154,急需勤工俭学，男女生不限，日结200元，线上兼职。加入QQ群：915283647，赶紧加入吧
155,招募10位勤工俭学同学（男女不限），日结150-200元，无需押金，线上兼职。欢迎加入QQ群：634829175，一起赚钱
156,兼职勤工俭学，工资日结200元，无需出校门。欢迎加入QQ群：732164895，一起赚钱
157,急招勤工俭学，男女生不限，日结150-200元。欢迎加入QQ群：647829513，详聊
158,招募志愿者，无需经验，时间自由，日结180元。加入QQ群：416529837，一起参与公益活动吧
159,勤工俭学机会来了，工资日结150元，无需押金。加入QQ群：821943567，获取更多信息。
160,同学们好呀，这是我们学校勤工俭学协会服务中心的QQ群，平时空闲的同学可以加入群聊了解一下，明天将发布新的兼职信息，群号：695843271。
161,急需勤工俭学，男女生不限，日结180元，线上兼职，无需出校门。加入QQ群：823745196，赶紧加入吧
162,招募勤工俭学同学（男女不限），日结150-200元，无需押金，线上兼职。加入QQ群：527194836，一起赚钱
163,学校勤工俭学服务中心QQ群，提供线上兼职信息。群号：691743528，快来了解一下
164,招聘勤工俭学兼职，每日结算，待遇优厚。加入QQ群：637591824，详聊
165,欢迎加入勤工俭学服务中心QQ群，平时空闲的同学可以了解一下兼职信息，群号：639147528。
166,急需勤工俭学，男女生不限，日结180元，线上兼职。加入QQ群：745928361，赶紧加入吧
167,招募10位勤工俭学同学（男女不限），日结150-200元，无需押金，线上兼职，无需出校门。欢迎加入QQ群：912734658，一起赚钱
168,兼职勤工俭学，工资日结180元，无需出校门。欢迎加入QQ群：517634829，一起赚钱
169,急招勤工俭学，男女生不限，日结150-200元。欢迎加入QQ群：742859136，详聊
170,招募志愿者，无需经验，时间自由，日结180元。加入QQ群：613429758，一起参与公益活动。
171,勤工俭学机会来了，工资日结150元，无需押金。加入QQ群：824619573，获取更多信息。
172,同学们好呀，这是我们学校勤工俭学协会服务中心的QQ群，平时空闲的同学可以加入群聊了解一下，明天将发布新的兼职信息，群号：635289174。
173,急需勤工俭学，男女生不限，日结180元，线上兼职，无需出校门。加入QQ群：721836495，赶紧加入吧
174,招募勤工俭学同学（男女不限），日结150-200元，无需押金，线上兼职。加入QQ群：549823671，一起赚钱
175,学校勤工俭学服务中心QQ群，提供线上兼职信息。群号：738612945，快来了解一下
176,招聘勤工俭学兼职，每日结算，待遇优厚。加入QQ群：612943587，详聊
177,欢迎加入勤工俭学服务中心QQ群，平时空闲的同学可以了解一下兼职信息，群号：523796814。
178,急需勤工俭学，男女生不限，日结180元，线上兼职。加入QQ群：754918263，赶紧加入吧
179,招募10位勤工俭学同学（男女不限），日结150-200元，无需押金，线上兼职。欢迎加入QQ群：639721845，一起赚钱
180,兼职勤工俭学，工资日结180元，无需出校门。欢迎加入QQ群：731946285，一起赚钱
181,急招勤工俭学，男女生不限，日结150-200元。欢迎加入QQ群：524379681，详聊
182,招募志愿者，无需经验，时间自由，日结180元。加入QQ群：639514782，一起参与公益活动吧
183,勤工俭学机会来了，工资日结150元，无需押金。加入QQ群：739415826，获取更多信息。
